N,S,A,I,D,s
G,l,u,t,e,n,",", ,S,o,y

L,a,c,t,o,s,e,",", ,C,a,t
S,h,e,l,l,f,i,s,h,",", ,T,r,e,e,-,n,u,t,s,",", ,L,a,t,e,x

S,o,y,",", ,S,e,a,s,o,n,a,l,",", ,C,a,t,",", ,N,u,t,s
D,o,g
S,h,e,l,l,f,i,s,h
L,a,c,t,o,s,e,",", ,C,a,t,",", ,S,h,e,l,l,f,i,s,h

L,a,c,t,o,s,e,",", ,D,o,g
C,a,t

N,u,t,s

E,g,g,s,",", ,N,u,t,s,",", ,D,o,g,",", ,T,r,e,e,-,n,u,t,s,",", ,S,t,r,a,w,b,e,r,r,i,e,s,",", ,G,l,u,t,e,n,",", ,S,e,a,s,o,n,a,l,",", ,P,e,a,n,u,t,s,",", ,C,a,t
L,a,t,e,x,",", ,S,h,e,l,l,f,i,s,h
D,o,g,",", ,S,o,y

N,S,A,I,D,s,",", ,G,l,u,t,e,n,",", ,N,u,t,s,",", ,S,e,a,s,o,n,a,l,",", ,D,o,g,",", ,E,g,g,s

P,e,a,n,u,t,s
D,o,g,",", ,S,o,y
N,S,A,I,D,s,",", ,G,l,u,t,e,n
P,e,a,n,u,t,s
S,h,e,l,l,f,i,s,h
L,a,t,e,x,",", ,L,a,c,t,o,s,e,",", ,G,l,u,t,e,n,",", ,S,h,e,l,l,f,i,s,h,",", ,S,o,y,",", ,S,t,r,a,w,b,e,r,r,i,e,s,",", ,T,r,e,e,-,n,u,t,s,",", ,E,g,g,s,",", ,N,u,t,s
N,S,A,I,D,s,",", ,L,a,t,e,x

C,a,t

D,o,g,",", ,E,g,g,s,",", ,S,e,a,s,o,n,a,l,",", ,L,a,t,e,x
C,a,t,",", ,S,h,e,l,l,f,i,s,h,",", ,L,a,t,e,x,",", ,G,l,u,t,e,n
D,o,g,",", ,S,e,a,s,o,n,a,l,",", ,S,t,r,a,w,b,e,r,r,i,e,s,",", ,S,h,e,l,l,f,i,s,h,",", ,T,r,e,e,-,n,u,t,s
G,l,u,t,e,n
C,a,t
D,o,g,",", ,N,u,t,s,",", ,L,a,c,t,o,s,e,",", ,N,S,A,I,D,s,",", ,P,e,a,n,u,t,s,",", ,S,t,r,a,w,b,e,r,r,i,e,s,",", ,S,e,a,s,o,n,a,l,",", ,G,l,u,t,e,n,",", ,S,o,y,",", ,E,g,g,s
L,a,t,e,x
L,a,t,e,x,",", ,E,g,g,s,",", ,S,o,y
L,a,t,e,x
T,r,e,e,-,n,u,t,s,",", ,N,u,t,s,",", ,S,t,r,a,w,b,e,r,r,i,e,s
N,u,t,s,",", ,S,h,e,l,l,f,i,s,h,",", ,G,l,u,t,e,n,",", ,L,a,t,e,x,",", ,N,S,A,I,D,s,",", ,S,t,r,a,w,b,e,r,r,i,e,s,",", ,L,a,c,t,o,s,e
D,o,g
G,l,u,t,e,n
E,g,g,s,",", ,S,h,e,l,l,f,i,s,h
S,t,r,a,w,b,e,r,r,i,e,s
S,o,y,",", ,S,t,r,a,w,b,e,r,r,i,e,s,",", ,P,e,a,n,u,t,s,",", ,C,a,t,",", ,G,l,u,t,e,n,",", ,D,o,g

N,S,A,I,D,s,",", ,S,e,a,s,o,n,a,l
L,a,c,t,o,s,e,",", ,S,o,y
S,e,a,s,o,n,a,l
N,S,A,I,D,s,",", ,D,o,g

N,u,t,s

G,l,u,t,e,n
P,e,a,n,u,t,s

S,h,e,l,l,f,i,s,h
P,e,a,n,u,t,s
G,l,u,t,e,n
S,t,r,a,w,b,e,r,r,i,e,s

S,t,r,a,w,b,e,r,r,i,e,s
T,r,e,e,-,n,u,t,s
C,a,t

S,e,a,s,o,n,a,l

E,g,g,s,",", ,G,l,u,t,e,n,",", ,S,o,y

D,o,g,",", ,L,a,c,t,o,s,e
S,t,r,a,w,b,e,r,r,i,e,s
S,h,e,l,l,f,i,s,h
G,l,u,t,e,n,",", ,E,g,g,s
D,o,g
L,a,c,t,o,s,e,",", ,S,h,e,l,l,f,i,s,h
N,u,t,s
T,r,e,e,-,n,u,t,s
L,a,c,t,o,s,e,",", ,N,u,t,s,",", ,S,o,y
S,h,e,l,l,f,i,s,h,",", ,P,e,a,n,u,t,s

S,h,e,l,l,f,i,s,h,",", ,N,S,A,I,D,s
S,e,a,s,o,n,a,l,",", ,P,e,a,n,u,t,s
S,h,e,l,l,f,i,s,h
S,e,a,s,o,n,a,l
N,u,t,s,",", ,S,t,r,a,w,b,e,r,r,i,e,s,",", ,E,g,g,s,",", ,G,l,u,t,e,n,",", ,C,a,t,",", ,N,S,A,I,D,s,",", ,L,a,t,e,x,",", ,S,h,e,l,l,f,i,s,h,",", ,L,a,c,t,o,s,e
L,a,t,e,x,",", ,S,t,r,a,w,b,e,r,r,i,e,s,",", ,L,a,c,t,o,s,e

P,e,a,n,u,t,s,",", ,G,l,u,t,e,n,",", ,T,r,e,e,-,n,u,t,s,",", ,L,a,c,t,o,s,e
E,g,g,s
L,a,c,t,o,s,e
S,o,y

S,o,y,",", ,G,l,u,t,e,n,",", ,D,o,g
S,t,r,a,w,b,e,r,r,i,e,s,",", ,C,a,t,",", ,L,a,t,e,x,",", ,E,g,g,s,",", ,L,a,c,t,o,s,e,",", ,G,l,u,t,e,n,",", ,S,h,e,l,l,f,i,s,h,",", ,S,e,a,s,o,n,a,l
S,t,r,a,w,b,e,r,r,i,e,s
N,S,A,I,D,s
E,g,g,s,",", ,N,u,t,s,",", ,L,a,t,e,x,",", ,L,a,c,t,o,s,e,",", ,G,l,u,t,e,n,",", ,N,S,A,I,D,s,",", ,S,o,y,",", ,T,r,e,e,-,n,u,t,s,",", ,S,t,r,a,w,b,e,r,r,i,e,s,",", ,S,h,e,l,l,f,i,s,h
